{
  "project_info": {
    "project_number": "301095573464",
    "firebase_url": "https://everydayshopping-4f97f.firebaseio.com",
    "project_id": "everydayshopping-4f97f",
    "storage_bucket": "everydayshopping-4f97f.appspot.com"
  },
  "client": [
    {
      "client_info": {
        "mobilesdk_app_id": "1:301095573464:android:891cd2bb2aed3084",
        "android_client_info": {
          "package_name": "com.ruetgmail.taufiqur.tutorialstemplate"
        }
      },
      "oauth_client": [
        {
          "client_id": "301095573464-vri1ff2ke85rohkhfi651v8pftgqkq38.apps.googleusercontent.com",
          "client_type": 3
        }
      ],
      "api_key": [
        {
          "current_key": "AIzaSyA3kEA2avcAHF8MNXJx4ThQpn5eQTZJG5I"
        }
      ],
      "services": {
        "analytics_service": {
          "status": 1
        },
        "appinvite_service": {
          "status": 1,
          "other_platform_oauth_client": []
        },
        "ads_service": {
          "status": 2
        }
      }
    }
  ],
  "configuration_version": "1"
}